CustomerID,Name,Email,PhoneNumber,Address,Age,Gender
1,John Doe,johndoe@example.com,123-456-7890,123 Main St,35,Male
2,Jane Smith,janesmith@example.com,987-654-3210,456 Oak St,28,Female
3,Michael Johnson,michaeljohnson@example.com,555-555-5555,789 Elm St,42,Male
4,Emily Brown,emilybrown@example.com,111-222-3333,321 Pine St,55,Female
5,David Wilson,davidwilson@example.com,444-444-4444,654 Maple St,30,Male
6,Sarah Taylor,sarahtaylor@example.com,666-666-6666,987 Cedar St,38,Female
7,James Martinez,jamesmartinez@example.com,777-777-7777,246 Birch St,47,Male
8,Laura Garcia,lauragarcia@example.com,888-888-8888,135 Walnut St,25,Female
9,Christopher Anderson,christopheranderson@example.com,999-999-9999,753 Cherry St,50,Male
10,Amanda Lopez,amandalopez@example.com,222-333-4444,852 Ash St,32,Female
11,Matthew Perez,matthewperez@example.com,111-222-3333,963 Elm St,40,Male
12,Jennifer Lee,jenniferlee@example.com,444-555-6666,753 Oak St,29,Female
13,Robert Gonzales,robertgonzales@example.com,777-888-9999,852 Pine St,45,Male
14,Michelle Hernandez,michellehernandez@example.com,123-456-7890,369 Cedar St,33,Female
15,William Wilson,williamwilson@example.com,987-654-3210,147 Maple St,48,Male
16,Ashley Davis,ashleydavis@example.com,555-555-5555,258 Elm St,26,Female
17,Joseph Rodriguez,josephrodriguez@example.com,111-222-3333,369 Birch St,37,Male
18,Kimberly Martinez,kimberlymartinez@example.com,444-444-4444,852 Walnut St,31,Female
19,John Taylor,johntaylor@example.com,666-666-6666,963 Cherry St,43,Male
20,Stephanie Gonzalez,stephaniegonzalez@example.com,777-777-7777,753 Ash St,27,Female
21,Daniel Lewis,daniellewis@example.com,888-888-8888,852 Pine St,36,Male
22,Tiffany Wright,tiffanywright@example.com,999-999-9999,963 Oak St,34,Female
23,Paula Scott,paulascott@example.com,222-333-4444,753 Cedar St,49,Female
24,Eric King,ericking@example.com,111-222-3333,369 Maple St,39,Male
25,Rebecca Green,rebeccagreen@example.com,444-555-6666,852 Elm St,29,Female
26,Andrew Hill,andrewhill@example.com,777-888-9999,963 Birch St,51,Male
27,Samantha Adams,samanthaadams@example.com,123-456-7890,753 Walnut St,30,Female
28,Kevin Baker,kevinbaker@example.com,987-654-3210,369 Cherry St,45,Male
29,Anna Nelson,annanelson@example.com,555-555-5555,852 Ash St,26,Female
30,Charles Campbell,charlescampbell@example.com,111-222-3333,963 Pine St,42,Male
31,Elizabeth Ramirez,elizabethramirez@example.com,444-444-4444,753 Cedar St,38,Female
32,Brandon Cook,brandoncook@example.com,666-666-6666,369 Maple St,33,Male
33,Amanda Adams,amandaadams@example.com,777-777-7777,852 Elm St,47,Female
34,Mark Brooks,markbrooks@example.com,888-888-8888,963 Birch St,29,Male
35,Kelly Perry,kellyperry@example.com,999-999-9999,753 Walnut St,36,Female
36,Justin Evans,justinevans@example.com,222-333-4444,369 Cherry St,31,Male
37,Stephanie Bell,stephaniebell@example.com,111-222-3333,852 Ash St,50,Female
38,Brian Rivera,brianrivera@example.com,444-555-6666,963 Pine St,28,Male
39,Christina Hayes,christinahayes@example.com,777-888-9999,753 Cedar St,45,Female
40,Scott Cooper,scottcooper@example.com,123-456-7890,369 Maple St,35,Male
41,Nicole Coleman,nicolecoleman@example.com,987-654-3210,852 Elm St,48,Female
42,Jeremy Howard,jeremyhoward@example.com,555-555-5555,963 Birch St,34,Male
43,Alexis Long,alexislong@example.com,111-222-3333,753 Walnut St,29,Female
44,Daniel Morris,danielmorris@example.com,666-666-6666,369 Cherry St,44,Male
45,Christine Torres,christinetorres@example.com,777-777-7777,852 Ash St,32,Female
46,Tyler Ward,tylerward@example.com,888-888-8888,963 Pine St,37,Male
47,Heather Diaz,heatherdiaz@example.com,999-999-9999,753 Cedar St,26,Female
48,Cody Wright,codywright@example.com,222-333-4444,369 Maple St,51,Male
49,Katie Price,katieprice@example.com,111-222-3333,852 Elm St,38,Female
50,Joshua Brooks,joshuabrooks@example.com,444-555-6666,963 Birch St,30,Male
51,Michael Johnson,michael.johnson@example.com,111-222-3333,444 Oak St ,40,Male
52,Sophia Garcia,sophia.garcia@example.com,222-333-4444,555 Pine St,35,Female
53,James Wilson,james.wilson@example.com,333-444-5555,666 Elm St,50,Male
54,Olivia Smith,olivia.smith@example.com,444-555-6666,777 Cedar St,30,Female
55,William Brown,william.brown@example.com,555-666-7777,888 Maple St,25,Male
56,Emily Davis,emily.davis@example.com,666-777-8888,999 Oak St,45,Female
57,Michael Miller,michael.miller@example.com,777-888-9999,1010 Pine St,55,Male
58,Emma Martinez,emma.martinez@example.com,888-999-0000,1111 Elm St,20,Female
59,Aiden Jones,aiden.jones@example.com,999-000-1111,1212 Cedar St,28,Male
60,Sophia Clark,sophia.clark@example.com,000-111-2222,1313 Maple St,45,Female
61,James Rodriguez,james.rodriguez@example.com,111-222-3333,1414 Oak St,35,Male
62,Olivia Hernandez,olivia.hernandez@example.com,222-333-4444,1515 Pine St,30,Female
63,Alexander Martinez,alexander.martinez@example.com,333-444-5555,1616 Elm St,25,Male
64,Sophia Johnson,sophia.johnson@example.com,444-555-6666,1717 Cedar St,40,Female
65,William Smith,william.smith@example.com,555-666-7777,1818 Maple St,50,Male
66,Emma Brown,emma.brown@example.com,666-777-8888,1919 Oak St,45,Female
67,Aiden Davis,aiden.davis@example.com,777-888-9999,2020 Pine St,28,Male
68,Olivia Wilson,olivia.wilson@example.com,888-999-0000,2121 Elm St,35,Female
69,James Miller,james.miller@example.com,999-000-1111,2222 Cedar St,55,Male
70,Sophia Rodriguez,sophia.rodriguez@example.com,000-111-2222,2323 Maple St,20,Female
71,William Hernandez,william.hernandez@example.com,111-222-3333,2424 Oak St,30,Male
72,Emma Clark,emma.clark@example.com,222-333-4444,2525 Pine St,25,Female
73,Aiden Martinez,aiden.martinez@example.com,333-444-5555,2626 Elm St,40,Male
74,Olivia Johnson,olivia.johnson@example.com,444-555-6666,2727 Cedar St,45,Female
75,James Smith,james.smith@example.com,555-666-7777,2828 Maple St,50,Male
76,Sophia Brown,sophia.brown@example.com,666-777-8888,2929 Oak St,28,Female
77,William Davis,william.davis@example.com,777-888-9999,3030 Pine St,35,Male
78,Emma Wilson,emma.wilson@example.com,888-999-0000,3131 Elm St,55,Female
79,Aiden Miller,aiden.miller@example.com,999-000-1111,3232 Cedar St,20,Male
80,Olivia Rodriguez,olivia.rodriguez@example.com,000-111-2222,3333 Maple St,30,Female
81,James Hernandez,james.hernandez@example.com,111-222-3333,3434 Oak St,25,Male
82,Sophia Clark,sophia.clark@example.com,222-333-4444,3535 Pine St,40,Female
83,William Martinez,william.martinez@example.com,333-444-5555,3636 Elm St,45,Male
84,Emma Johnson,emma.johnson@example.com,444-555-6666,3737 Cedar St,50,Female
85,Aiden Smith,aiden.smith@example.com,555-666-7777,3838 Maple St,28,Male
86,Olivia Davis,olivia.davis@example.com,666-777-8888,3939 Oak St,35,Female
87,James Wilson,james.wilson@example.com,777-888-9999,4040 Pine St,55,Male
88,Sophia Miller,sophia.miller@example.com,888-999-0000,4141 Elm St,20,Female
89,William Rodriguez,william.rodriguez@example.com,999-000-1111,4242 Cedar St,30,Male
90,Emma Hernandez,emma.hernandez@example.com,000-111-2222,4343 Maple St,25,Female
91,Michael Johnson,michael.johnson@example.com,111-222-3333,444 Oak St,40,Male
92,Sophia Garcia,sophia.garcia@example.com,222-333-4444,555 Pine St,35,Female
93,James Wilson,james.wilson@example.com,333-444-5555,666 Elm St,50,Male
94,Olivia Smith,olivia.smith@example.com,444-555-6666,777 Cedar St,30,Female
95,William Brown,william.brown@example.com,555-666-7777,888 Maple St,25,Male
96,Emily Davis,emily.davis@example.com,666-777-8888,999 Oak St,45,Female
97,Michael Miller,michael.miller@example.com,777-888-9999,1010 Pine St,55,Male
98,Emma Martinez,emma.martinez@example.com,888-999-0000,1111 Elm St,20,Female
99,Aiden Jones,aiden.jones@example.com,999-000-1111,1212 Cedar St,28,Male
100,Sophia Clark,sophia.clark@example.com,000-111-2222,1313 Maple St,45,Female
